TITLE,URL
Improvements to Data Analysis in ChatGPT,https://openai.com/index/improvements-to-data-analysis-in-chatgpt/
"Winamp has announced that it is ""opening up"" its source code",https://about.winamp.com/press/article/winamp-open-source-code
"Deutsche Bahn Introduces ""MetaWindow""",https://www.railtarget.eu/technologies-and-infrastructure/deutsche-bahn-introduces-metawindow-a-gamechanger-in-noise-reduction-for-railways-8449.html
Llama 3 implemented in pure NumPy,https://docs.likejazz.com/llama3.np/
Egypt's pyramids may have been built on a long-lost branch of the Nile,https://www.nature.com/articles/d41586-024-01449-y
"Wind farms can offset their emissions within two years, new study shows",https://newsroom.taylorandfrancisgroup.com/wind-farms-can-offset-their-emissions-within-two-years-new-study-shows/
Google Gemini: Context Caching,https://ai.google.dev/gemini-api/docs/caching
The Tragic Downfall of the Internet's Art Gallery,https://slate.com/technology/2024/05/deviantart-what-happened-ai-decline-lawsuit-stability.html
"Skio (YC S20) – Subscriptions for Shopify, ReCharge Migrations – Is Hiring",https://skio.com/careers/
Germany's Sovereign Tech Fund Now Supporting FFmpeg,https://www.phoronix.com/news/Germany-STF-For-FFmpeg
